invoice_id,amount,currency,invoice_date,is_paid
2c92a09a7448f4750174509e902934a0,3987.20,EUR,2020-09-02,1
2c92a09874356b5a0174509ea5d72757,2142.00,USD,2020-09-02,1
2c92a0a6743576ff01744e69f8146970,2031.10,USD,2020-09-02,1
2c92a09a7448f4750174509e910434ce,1950.00,EUR,2020-09-02,1
2c92a099743576ec0174509eafd335f1,1803.00,USD,2020-09-02,1
2c92a0ae743576fb01744f3f2ac04aa8,1415.32,USD,2020-09-02,1
2c92a099743576ec0174509eab3d34d8,1384.80,RUB,2020-09-02,1
2c92a0ab7448f72701744e0a4e7955c9,1188.00,EUR,2020-09-02,1
2c92a099743576ec0174509e9a0030f5,947.99,USD,2020-09-02,1
2c92a099743576ec0174509ea69133e2,826.20,USD,2020-09-02,1
2c92a0ab7448f7270174509e915c13f1,720.00,USD,2020-09-02,1
2c92a099743576ec0174509eb71936ca,692.40,RUB,2020-09-02,1
2c92a099743576ec0174509e9f3b324c,692.40,RUB,2020-09-02,1
2c92a099743576ec0174509e992530b1,588.00,USD,2020-09-02,1
2c92a099743576ec0174509ea7f53435,528.49,SEK,2020-09-02,1
2c92a099743576ec0174509e9bc631bb,439.01,CAD,2020-09-02,1
2c92a00774356b780174530e51a24e72,3792.00,NOK,2020-09-03,1
2c92a00774356b7c017452d3b61c130a,3135.48,AUD,2020-09-03,1
2c92a0ad74531e6b017455c4f36135d0,1650.00,USD,2020-09-03,1
2c92a01174357c0801745325a3c76d97,1632.00,NOK,2020-09-03,1
2c92a0b874531e99017455c4e9ce1dd2,1188.00,USD,2020-09-03,1
2c92a0b874531e99017455c4f0e81e9d,1188.00,USD,2020-09-03,1
2c92a09874531e6e017455c4fbef594d,842.40,EUR,2020-09-03,1
2c92a00f74533121017453ec26805ac9,819.00,NOK,2020-09-03,1
2c92a09874531e6e017455c4fb8b593f,702.00,EUR,2020-09-03,1
2c92a09874531e6e017455c4fca05968,588.00,EUR,2020-09-03,1
2c92a0b874531e99017455c4f1491eac,588.00,USD,2020-09-03,1
2c92a0b874531e99017455c4f6171fdf,588.00,USD,2020-09-03,1
2c92a09874531e6e017455c505f85b74,442.80,USD,2020-09-03,1
2c92a011745331160174598eed8e7703,26664.00,EUR,2020-09-04,1
2c92a0ba7457de8c01745aeb62fb3fb9,12390.88,GBP,2020-09-04,1
2c92a0ba7457de8c01745aeb62fb3fb9,12390.88,GBP,2020-09-04,1
2c92a011745331160174581707c476f8,7427.16,RUB,2020-09-04,1
2c92a0aa7457e96a017458231b93225b,6064.08,GBP,2020-09-04,1
2c92a00d7453312101745815f0230bf6,4636.32,RUB,2020-09-04,1
2c92a0ad7457de6f01745aeb568e4c9a,3808.80,RUB,2020-09-04,1
2c92a00c74356b800174529e90b73116,3668.60,USD,2020-09-04,1
2c92a00774356b780174525342745913,3477.60,USD,2020-09-04,1
2c92a0ba7457de8c01745aeb60343f80,3074.50,EUR,2020-09-04,1
2c92a0987457de7201745aeb485e5b7f,2289.00,USD,2020-09-04,1
2c92a0ba7457de8c01745aeb5f483f6a,2289.00,USD,2020-09-04,1
2c92a008745331140174594ad0120ed0,2081.62,RUB,2020-09-04,1
2c92a0ad7457de6f01745aeb613d4ef7,1534.80,RUB,2020-09-04,1
2c92a0aa7457e96a0174583ba2242552,1264.50,USD,2020-09-04,1
2c92a01174533116017458cc29e233b5,1237.74,RUB,2020-09-04,1
2c92a0ae7457e99d01745938a9ee636f,1064.00,USD,2020-09-04,1
2c92a0987457de7201745aeb4a805bc8,942.00,GBP,2020-09-04,1
2c92a0ad7457de6f01745aeb54274c06,888.00,CAD,2020-09-04,1
2c92a0ad7457de6f01745aeb56b04ca8,888.00,CAD,2020-09-04,1
2c92a0ad7457de6f01745aeb6aad515a,819.00,NOK,2020-09-04,1
2c92a0ad7457de6f01745aeb5ab54dbd,788.00,USD,2020-09-04,1
2c92a0ad7457de6f01745aeb6a555149,588.00,EUR,2020-09-04,1
2c92a0ad7457de6f01745aeb5c3c4e28,588.00,USD,2020-09-04,1
2c92a0ad7457de6f01745aeb622c4f5d,588.00,USD,2020-09-04,1
2c92a00774531e980174590b80f97a94,470.00,USD,2020-09-04,1
2c92a0ad7457de6f01745aeb5bd84e17,449.82,EUR,2020-09-04,1
2c92a0ae745bf48701746011b05e4fc5,51624.00,RUB,2020-09-05,1
2c92a0bb745bf46801746011d7b957bf,3845.00,EUR,2020-09-05,1
2c92a0ae745bf48701746011b4a9511e,2034.00,RUB,2020-09-05,1
2c92a0bb745bf46801746011d75e57be,1932.60,EUR,2020-09-05,1
2c92a0ac745bf48901746011bba33f30,1723.00,USD,2020-09-05,1
2c92a0ad745be8f301746011cc5a3019,1014.30,USD,2020-09-05,1
2c92a0bb745bf46801746011d3c2573a,948.00,EUR,2020-09-05,1
2c92a0ad745be8f301746011d668322b,920.00,USD,2020-09-05,1
2c92a0ae745bf48701746011b11c502e,729.12,EUR,2020-09-05,1
2c92a0bb745bf46801746011d5c4576c,714.50,USD,2020-09-05,1
2c92a0ae745bf48701746011b3aa50d6,604.80,GBP,2020-09-05,1
2c92a0ad745be8f301746011d89f329d,588.00,USD,2020-09-05,1
2c92a0ad745be8f301746011d60a321d,588.00,USD,2020-09-05,1
2c92a0ae745bf48701746011bca0531f,577.00,RUB,2020-09-05,1
2c92a0fe74531ef401745e9d51f67bcd,499.48,USD,2020-09-05,1
2c92a0b9745bf47a01746011a9ef6aa0,478.00,AUD,2020-09-05,1
2c92a0ac745bf4890174653806f574b1,14000.00,USD,2020-09-06,1
2c92a099745bf47d0174653818dc199f,8820.00,SEK,2020-09-06,1
2c92a0ac745bf4890174653805717461,5349.60,RUB,2020-09-06,1
2c92a0ac745bf489017465380501744e,2522.40,GBP,2020-09-06,1
2c92a099745bf47d0174653812751868,2279.28,SEK,2020-09-06,1
2c92a099745bf47d0174653805691670,1710.00,EUR,2020-09-06,1
2c92a099745bf47d0174653819da19cf,1674.00,EUR,2020-09-06,1
2c92a099745bf47d017465380cb11781,1425.60,EUR,2020-09-06,1
2c92a0ac745bf4890174653806757491,1201.00,NOK,2020-09-06,1
2c92a0ab745be9000174653838474378,1188.00,USD,2020-09-06,1
2c92a0ad745be8f30174653822ce5c2f,1188.00,USD,2020-09-06,1
2c92a099745bf47d017465380ff01803,948.00,NOK,2020-09-06,1
2c92a00c74531e9f017464f494a71cef,812.18,NOK,2020-09-06,1
2c92a0ad745be8f30174653823955c3e,806.28,USD,2020-09-06,1
2c92a0ac745bf4890174653805f9747a,789.00,USD,2020-09-06,1
2c92a0ab745be900017465382d4e4234,588.00,USD,2020-09-06,1
2c92a0ab745be90001746538341042c2,588.00,USD,2020-09-06,1
2c92a0ab745be90001746538334d42ac,552.00,USD,2020-09-06,1
2c92a099745bf47d01746537fcdd1578,429.50,UAH,2020-09-06,1
2c92a09a7468712001746a5e612a0e09,315008.13,RUB,2020-09-07,1
2c92a00774531e97017466e361ee15af,6031.51,RUB,2020-09-07,1
2c92a0fe746871b6017469b8c3b15dbb,5626.80,RUB,2020-09-07,1
2c92a0ab745be900017467dda3c16546,4553.76,USD,2020-09-07,1
2c92a0ff7453317f0174680509fa2cd6,4187.40,GBP,2020-09-07,1
2c92a0ad7468712901746946ba520be9,4050.00,EUR,2020-09-07,1
2c92a0bb74687d2001746a5e897039fb,3228.00,EUR,2020-09-07,1
2c92a0b87468715001746890f4a82c86,2040.00,GBP,2020-09-07,1
2c92a0ac74687d3f01746a5e70ff5cc0,1739.00,EUR,2020-09-07,1
2c92a09a7468712001746a5e6c550fe4,1143.40,NOK,2020-09-07,1
2c92a0ac74687d3f01746a5e71a45cf4,948.00,EUR,2020-09-07,1
2c92a09a7468712001746a5e5d5a0d41,626.25,SEK,2020-09-07,1
2c92a0fc7468719601747c58fd9a0808,588.00,USD,2020-09-07,1
2c92a09a7468712001746a5e62c30e77,523.00,NOK,2020-09-07,1
2c92a09a746bde6c01747c0fb61e068a,493.16,USD,2020-09-07,0
2c92a0ae74687d4601746a5e6e361ed8,455.00,USD,2020-09-07,1
2c92a0ac746be9ea01746f84d6327f06,12000.00,USD,2020-09-08,1
2c92a0ac746be9ea01746f84d6b27f27,8845.00,USD,2020-09-08,1
2c92a0ac746be9ea01746f84d2c07e94,5349.60,RUB,2020-09-08,1
2c92a0ac746be9ea01746f84e2e4018e,3014.69,EUR,2020-09-08,1
2c92a0087468816e01746d4873b54c58,2542.80,USD,2020-09-08,1
2c92a00c74356b82017448eb5b966109,1941.50,EUR,2020-09-08,1
2c92a0b9746be9e401746f84c4d103d0,1296.02,USD,2020-09-08,1
2c92a0b9746be9e401746f84cd630565,1296.02,USD,2020-09-08,1
2c92a0b9746be9e401746f84cc450521,1259.00,USD,2020-09-08,1
2c92a0b9746be9e401746f84c8a8049d,1188.00,USD,2020-09-08,1
2c92a0ba746bde8a01746f84befb2ecd,1024.00,USD,2020-09-08,1
2c92a0ac746be9ea01746f84ce8f7deb,981.12,GBP,2020-09-08,1
2c92a0ac746be9ea01746f84da857fef,948.00,EUR,2020-09-08,1
2c92a0ac746be9ea01746f84d6677f16,718.80,USD,2020-09-08,1
2c92a0b9746be9e401746f84c5c7040b,604.50,USD,2020-09-08,1
2c92a0ac746be9ea01746f84e0230137,591.00,NOK,2020-09-08,1
2c92a0b9746be9e401746c79c16d697c,588.00,EUR,2020-09-08,1
2c92a00c7468715201746e5d213b1fed,583.10,USD,2020-09-08,1
2c92a0077468714701746d88a2365107,434.74,NOK,2020-09-08,1
2c92a0ac746be9ea017474ab33bd03ca,12500.00,EUR,2020-09-09,1
2c92a0aa746be9ba017474ab39162a1a,5264.35,NOK,2020-09-09,1
2c92a00f7468817d017471ff067f66d3,4607.00,NOK,2020-09-09,1
2c92a0ac746be9ea017474ab31ec038e,3734.00,USD,2020-09-09,1
2c92a0ff746881db0174730072b015f1,3630.10,USD,2020-09-09,1
2c92a00e7468711701747274dc5b32fa,3630.10,USD,2020-09-09,1
2c92a0b8746bde97017472033c3d53cf,3477.60,USD,2020-09-09,1
2c92a01174688169017474d8329a71d9,3317.34,RUB,2020-09-09,1
2c92a0aa746be9ba017474ab2bba2824,2520.00,EUR,2020-09-09,1
2c92a0b9746be9e4017474ab454302a4,2289.60,USD,2020-09-09,1
2c92a0aa746be9ba017474ab39cd2a38,2205.00,SEK,2020-09-09,1
2c92a0aa746be9ba017474ab33242956,1188.00,USD,2020-09-09,1
2c92a0aa746be9ba017474ab2662272e,692.40,RUB,2020-09-09,1
2c92a0aa746be9ba017474ab2ccf2852,604.80,GBP,2020-09-09,1
2c92a0ab746bde7c017474ab23386556,599.00,USD,2020-09-09,1
2c92a0aa746be9ba017474ab377229e4,589.67,NOK,2020-09-09,1
2c92a0ab746bde7c017474ab156b63ee,588.00,USD,2020-09-09,1
2c92a0aa746be9ba017474ab2601271b,588.00,USD,2020-09-09,1
2c92a0b9746be9e4017474ab459a02ae,588.00,USD,2020-09-09,1
2c92a011746881690174725100b03cac,470.00,USD,2020-09-09,1
2c92a0ab746bde7c017474ab1c5164af,442.80,USD,2020-09-09,1
2c92a0bb746be9c9017478a0ba7d6dc7,11350.80,USD,2020-09-10,1
2c92a099746be9df017477f0c64c413d,11350.80,USD,2020-09-10,1
2c92a0a6746be9f1017479d19ba234df,8569.80,RUB,2020-09-10,1
2c92a0a6746be9f1017479d17f803032,6042.00,RUB,2020-09-10,1
2c92a0b9746be9e4017479d172452144,5849.00,EUR,2020-09-10,1
2c92a099746be9df017479d17fb073bf,3486.75,USD,2020-09-10,1
2c92a0a6746be9f1017479d191ef3334,2332.80,EUR,2020-09-10,1
2c92a0a6746be9f1017479d198b13443,2292.00,USD,2020-09-10,1
2c92a0a6746be9f1017479d18c4f31aa,2088.45,EUR,2020-09-10,1
2c92a01174688169017476d4dcdf5b73,1718.95,SEK,2020-09-10,1
2c92a0aa746be9ba017479d17efb428a,1558.49,CAD,2020-09-10,1
2c92a0ac746be9ea01747715e50531b4,1545.74,EUR,2020-09-10,1
2c92a0aa746be9ba017479d17c5c41d9,1296.02,USD,2020-09-10,1
2c92a0a6746be9f1017479d18a8c3162,1212.00,RUB,2020-09-10,1
2c92a0a6746be9f1017479d18bd53199,1188.00,EUR,2020-09-10,1
2c92a0ac746be9ea017479d189d850e3,1176.00,EUR,2020-09-10,1
2c92a0aa746be9ba017479d179774173,1113.75,USD,2020-09-10,1
2c92a00c7468715701747801a0ed50ea,842.24,NOK,2020-09-10,1
2c92a0a6746be9f1017479d190b232f1,699.50,USD,2020-09-10,1
2c92a0a6746be9f1017479d1834e3083,588.00,EUR,2020-09-10,1
2c92a0a6746be9f1017479d1905d32dd,588.00,EUR,2020-09-10,1
2c92a0aa746be9ba017479d1847d4346,588.00,USD,2020-09-10,1
2c92a0aa746be9ba017479d180bb42e7,588.00,USD,2020-09-10,1
2c92a0aa746be9ba017479d183df432d,588.00,USD,2020-09-10,1
2c92a00c74687152017479116b82300f,474.00,NOK,2020-09-10,1
2c92a007746871470174754505f03ade,470.00,USD,2020-09-10,1
2c92a0aa746be9ba01747ef7dd370af9,11767.80,NOK,2020-09-11,1
2c92a099746be9df01747ef7eedc720a,1896.00,AUD,2020-09-11,1
2c92a0b9746be9e401747ef7c8541df8,1224.00,GBP,2020-09-11,1
2c92a098746bde6d01747ef8019056c1,1188.00,USD,2020-09-11,1
2c92a098746bde6d01747ef7f640554e,1188.00,USD,2020-09-11,1
2c92a0b9746be9e401747ef7c7ff1dee,1128.60,USD,2020-09-11,1
2c92a0a7746bdeaa01747c879e097179,948.00,EUR,2020-09-11,1
2c92a0ae746be9f001747c87aa601a9d,948.00,EUR,2020-09-11,1
2c92a0aa746be9ba01747ef7df830b4d,938.50,NOK,2020-09-11,1
2c92a0b9746be9e401747ef7c9451e14,826.50,USD,2020-09-11,1
2c92a0aa746be9ba01747ef7d97a0a0a,702.00,EUR,2020-09-11,1
2c92a0aa746be9ba01747ef7d80a09c0,689.50,USD,2020-09-11,1
2c92a098746bde6d01747ef7fa3f55c6,689.50,USD,2020-09-11,1
2c92a0aa746be9ba01747ef7d5310920,588.00,EUR,2020-09-11,1
2c92a0b9746be9e401747ef7c7911de4,588.00,EUR,2020-09-11,1
2c92a0aa746be9ba01747ef7db3d0a7a,490.00,USD,2020-09-11,1
2c92a0ba746bde8a0174841e550f498e,7797.20,EUR,2020-09-12,1
2c92a0a7746bdeaa0174841e35ac67e4,6629.10,USD,2020-09-12,1
2c92a0ba746bde8a0174841e590b4a2f,4871.00,EUR,2020-09-12,1
2c92a0ba746bde8a0174841e55fb49da,2906.52,USD,2020-09-12,1
2c92a0ac746be9ea0174841e3e1b5644,2688.00,NOK,2020-09-12,1
2c92a0ac746be9ea0174841e3ca255f5,2136.00,EUR,2020-09-12,1
2c92a099746be9df0174841e49406c65,1896.00,AUD,2020-09-12,1
2c92a0ac746be9ea0174841e4e235827,1188.00,EUR,2020-09-12,1
2c92a0a7746bdeaa0174841e48ea6b2b,1188.00,USD,2020-09-12,1
2c92a0ba746bde8a0174841e5a0e4a56,1187.00,EUR,2020-09-12,1
2c92a0ba746bde8a0174841e53784961,968.00,EUR,2020-09-12,1
2c92a010746871460174816e3b0f0d2d,819.00,NOK,2020-09-12,1
2c92a0a7746bdeaa0174841e45336a85,756.00,EUR,2020-09-12,1
2c92a0ac746be9ea0174841e339854d6,723.24,USD,2020-09-12,1
2c92a0ba746bde8a0174841e57214a18,616.00,EUR,2020-09-12,1
2c92a099746be9df0174841e48126c47,588.00,USD,2020-09-12,1
2c92a0ba746bde8a0174841e599b4a47,588.00,EUR,2020-09-12,1
2c92a0a7746bdeaa0174841e3d596933,588.00,USD,2020-09-12,1
2c92a0ac746be9ea0174841e536358cd,450.00,USD,2020-09-12,1
2c92a0ac746be9ea0174841e386c557d,435.00,EUR,2020-09-12,1
2c92a0aa746be9ba0174894485385a26,16273.80,RUB,2020-09-13,1
2c92a0aa746be9ba017489449e3a5e3d,9596.00,NOK,2020-09-13,1
2c92a0aa746be9ba017489449e2c5e3b,6551.00,NOK,2020-09-13,1
2c92a0ad746bde6f01748944c56d3499,3833.10,USD,2020-09-13,1
2c92a0aa746be9ba01748944a2f35f82,1602.96,NOK,2020-09-13,1
2c92a00774356b7c017447c8544670cc,1512.00,AUD,2020-09-13,1
2c92a0bb746be9c9017489448fb367c4,1500.00,EUR,2020-09-13,1
2c92a0aa746be9ba01748944975d5cc9,948.00,NOK,2020-09-13,1
2c92a0ad746bde6f01748944b4ec317f,801.00,USD,2020-09-13,1
2c92a0aa746be9ba01748944953c5c7f,798.75,SEK,2020-09-13,1
2c92a0aa746be9ba017489448c935b49,705.60,USD,2020-09-13,1
2c92a0aa746be9ba0174894492115c1c,604.80,GBP,2020-09-13,1
2c92a0ad746bde6f01748944bc7d328a,588.00,USD,2020-09-13,1
2c92a0aa746be9ba017489449f165e7f,484.25,EUR,2020-09-13,1
2c92a0a7746bdeaa01748e6b1bb86fd2,26457.00,RUB,2020-09-14,1
2c92a0a7746bdeaa01748e6b01546b3d,15581.40,RUB,2020-09-14,1
2c92a0a7746bdeaa01748e6b15656f08,8028.00,NOK,2020-09-14,1
2c92a0ae746be9f001748e6ae36f732b,4898.30,USD,2020-09-14,1
2c92a0a7746bdeaa01748e6afdf26ab7,4668.00,NOK,2020-09-14,1
2c92a0ae746be9f001748e6af02a75d9,2932.20,CAD,2020-09-14,1
2c92a0ae746be9f001748e6aec94753b,2000.00,USD,2020-09-14,1
2c92a0ae746be9f001748e6ae7f47431,1296.01,USD,2020-09-14,1
2c92a0ae746be9f001748e6ae546739f,1296.01,USD,2020-09-14,1
2c92a0a7746bdeaa01748e6b18d36f70,1201.00,NOK,2020-09-14,1
2c92a0a7746bdeaa01748e6af9fc69ea,1188.00,USD,2020-09-14,1
2c92a0117468816901748badd0e7116f,1172.75,RUB,2020-09-14,1
2c92a099746be9df01748e6ae4f153db,1020.00,GBP,2020-09-14,1
2c92a0ac746be9ea01748c89346e5e59,831.00,EUR,2020-09-14,1
2c92a0107468714601748c6feacd6d11,819.00,NOK,2020-09-14,1
2c92a00d7468817901748bdf601a3f8d,819.00,NOK,2020-09-14,1
2c92a0a6746be9f101748e6b02d85b08,639.00,EUR,2020-09-14,1
2c92a0a7746bdeaa01748e6b14a26ed1,591.00,NOK,2020-09-14,1
2c92a0a7746bdeaa01748e6b1b2f6fbe,588.00,USD,2020-09-14,1
2c92a0fc7468719601748af8079b1e37,558.40,EUR,2020-09-14,1
2c92a00c7468715701748dbaa1480e09,508.89,USD,2020-09-14,1
2c92a0ae746be9f001748e6af4af768b,436.80,USD,2020-09-14,1
2c92a0987490e594017491461cd80de3,36900.00,USD,2020-09-15,1
2c92a0a67490f0d5017493917d2f7e91,15581.40,RUB,2020-09-15,1
2c92a0ba7490e5a0017492c465a231b7,8908.20,EUR,2020-09-15,1
2c92a0a67490f0d50174939138cd775f,5000.00,EUR,2020-09-15,1
2c92a0a67490f0d501749391856a00bc,2025.60,RUB,2020-09-15,1
2c92a0ba7490e5a00174939148b522fe,1453.26,USD,2020-09-15,1
2c92a0ba7490e5a0017493914fc12451,1359.70,USD,2020-09-15,1
2c92a0a67490f0d501749391792e7d71,1275.00,SEK,2020-09-15,1
2c92a0ae7490f0d501749391514b08f6,1208.70,EUR,2020-09-15,1
2c92a0ae7490f0d50174939162140a90,1188.00,USD,2020-09-15,1
2c92a0a67490f0d501749391864d0109,819.00,NOK,2020-09-15,1
2c92a0a67490f0d50174939177ab7d07,717.36,EUR,2020-09-15,1
2c92a0a67490f0d501749391829a7fe3,669.56,EUR,2020-09-15,1
2c92a0ae7490f0d501749391509208d3,588.00,EUR,2020-09-15,1
2c92a0a67490f0d5017493917b207e00,588.00,EUR,2020-09-15,1
2c92a0ba7490e5a0017493914d8f241d,588.00,USD,2020-09-15,1
2c92a0a67490f0d5017493916abd7a45,577.00,RUB,2020-09-15,1
2c92a0ff746881db0174927ef61635ff,539.00,USD,2020-09-15,1
2c92a00874688170017491d0e5f33427,470.00,USD,2020-09-15,1
2c92a0087468816e01748f70cb3101b0,470.00,USD,2020-09-15,1
2c92a0087468816e01748f71f3160c53,470.00,USD,2020-09-15,1
2c92a00e7468711701748f74bb4c7a3f,470.00,USD,2020-09-15,1
2c92a09974961e6b017498b7d5556553,15581.40,RUB,2020-09-16,1
2c92a0ae74961e7f017498b7ac7d7f54,8700.00,EUR,2020-09-16,1
2c92a0ae74961e7f017498b7aba67f37,5911.00,USD,2020-09-16,1
2c92a0ae74961e7f017498b7ab247f23,5784.00,EUR,2020-09-16,1
2c92a09974961e6b017498b7c50162f6,3815.00,UAH,2020-09-16,1
2c92a0ae74961e7f017498b7ad917f7e,3774.00,USD,2020-09-16,1
2c92a00c74687152017495aa46aa3c0a,3710.00,USD,2020-09-16,1
2c92a01174688169017495ef123b5245,2758.00,USD,2020-09-16,1
2c92a01074687148017494fc940309aa,2264.16,USD,2020-09-16,1
2c92a0a7749612df01749796a3cc07f4,1479.60,GBP,2020-09-16,1
2c92a09974961e6b017498b7cd396433,1437.48,EUR,2020-09-16,1
2c92a0ad749612a70174978fc909735f,1258.20,USD,2020-09-16,1
2c92a09974961e6b017498b7d5bb6561,1255.12,RUB,2020-09-16,1
2c92a0fe7496133e017496502c717397,1188.00,USD,2020-09-16,1
2c92a00e746871170174955676870ff5,1188.00,USD,2020-09-16,1
2c92a098749612ac017498b79f0c22e8,948.00,EUR,2020-09-16,1
2c92a098749612ac017498b7a3532355,588.00,USD,2020-09-16,1
2c92a098749612ac017498b7a4cf237e,588.00,USD,2020-09-16,1
2c92a0bb74961e60017497afdc632b16,588.00,EUR,2020-09-16,1
2c92a0ae74961e7f017498b7ac207f47,570.00,EUR,2020-09-16,1
2c92a09974961e6b017498b7d884658c,447.50,SEK,2020-09-16,1
2c92a0a674961e74017498b7c0f333d6,439.01,CAD,2020-09-16,1
2c92a0a674961e7401749dddede240e8,20178.00,USD,2020-09-17,1
2c92a0a674961e7401749dddef2e4118,10831.00,AUD,2020-09-17,1
2c92a0a674961e7401749dddf12a414e,6199.20,EUR,2020-09-17,1
2c92a0ac74961e7c01749dde2a1367d1,6040.50,NOK,2020-09-17,1
2c92a0ae74961e7f01749b5d30566614,5291.60,EUR,2020-09-17,1
2c92a007749612d401749c4b3f1e1671,2875.00,SEK,2020-09-17,1
2c92a0a7749612df01749dde193b06a7,2161.30,AUD,2020-09-17,1
2c92a00f749622e201749bf374da3cc6,2119.00,USD,2020-09-17,1
2c92a0ac74961e7c01749dde253c6607,1706.50,NOK,2020-09-17,1
2c92a0a7749612df01749dde123205a8,1271.20,USD,2020-09-17,1
2c92a0ff7496233801749c80f5105dd6,1188.00,USD,2020-09-17,1
2c92a0a7749612df01749dde179e0681,1188.00,USD,2020-09-17,1
2c92a09a749612ac01749dde04776736,1188.00,USD,2020-09-17,1
2c92a0ac74961e7c01749dde224464cd,1147.06,EUR,2020-09-17,1
2c92a09a749612ac01749dddfa5764ff,888.00,CAD,2020-09-17,1
2c92a09a749612ac01749dddffeb664b,837.50,USD,2020-09-17,1
2c92a0a7749612df01749dde165a0656,756.00,AUD,2020-09-17,1
2c92a0ac74961e7c01749dde20eb644c,711.48,EUR,2020-09-17,1
2c92a00c749612db01749b34a9aa42ce,638.75,SEK,2020-09-17,1
2c92a0ac74961e7c01749dde314c6910,594.00,EUR,2020-09-17,1
2c92a0a674961e7401749dddee6340fe,594.00,EUR,2020-09-17,1
2c92a0b974961e6c01749b688ad253f0,588.00,EUR,2020-09-17,1
2c92a0ac74961e7c01749dde2f186891,571.34,EUR,2020-09-17,1
2c92a0ba749f44400174a20150f917d2,67059.13,SEK,2020-09-18,1
2c92a0bb74a2d6440174a3047a590415,18300.00,USD,2020-09-18,1
2c92a0a674a2d6640174a3048d890680,15581.40,RUB,2020-09-18,1
2c92a0a674a2d6640174a304785f04ab,6840.00,NOK,2020-09-18,1
2c92a0a674a2d6640174a3047bc204cb,6168.00,SEK,2020-09-18,1
2c92a0bb749f50f80174a1988bf27680,6000.00,EUR,2020-09-18,1
2c92a0a674a2d6640174a30482aa054d,3071.50,NOK,2020-09-18,1
2c92a0ad749f44210174a28a76b5745f,2678.40,EUR,2020-09-18,1
2c92a00774a2c96e0174b51503f47c52,2160.00,EUR,2020-09-18,1
2c92a09874a2c94d0174a3046143618a,1290.00,CAD,2020-09-18,1
2c92a09874a2c94d0174a3045d0260e7,1111.35,USD,2020-09-18,1
2c92a0bb74a2d6440174a3047c040451,1053.00,EUR,2020-09-18,1
2c92a0bb74a2d6440174a3047d06047c,948.00,EUR,2020-09-18,1
2c92a0ba749612c701749f3b0eff0401,928.30,USD,2020-09-18,1
2c92a0a674a2d6640174a304897b0628,819.00,NOK,2020-09-18,1
2c92a0a674a2d6640174a3048ca5066c,604.80,GBP,2020-09-18,1
2c92a0a674a2d6640174a3048498057f,591.00,NOK,2020-09-18,1
2c92a0ae74a2d6610174a30466ac03bd,588.00,USD,2020-09-18,1
2c92a0a674a2d6640174a3047c7b04df,588.00,USD,2020-09-18,1
2c92a09874a2c94d0174a304628961b3,588.00,USD,2020-09-18,1
2c92a09874a2c94d0174a30456e65fec,588.00,USD,2020-09-18,1
2c92a09874a2c94d0174a3045f0a6141,588.00,USD,2020-09-18,1
2c92a00e749f44150174a1420c4e29b0,588.00,USD,2020-09-18,1
2c92a0a674a2d6640174a3048fe206a8,534.10,USD,2020-09-18,1
2c92a0a674a2d6640174a30470cf040f,490.42,NOK,2020-09-18,1
2c92a0ff749f558b01749f842432382d,476.00,EUR,2020-09-18,1
2c92a09874a2c94d0174a304633861d2,442.80,USD,2020-09-18,1
2c92a0ae74a2d6610174a30465a803a8,442.80,USD,2020-09-18,1
2c92a0a674a2d6640174a3046de103be,442.26,EUR,2020-09-18,1
2c92a0ae74a2d6610174a82ac3f24080,15581.40,RUB,2020-09-19,1
2c92a0ae74a2d6610174a82ac5a040c6,15581.40,RUB,2020-09-19,1
2c92a0ae74a2d6610174a82ab9943ef6,11117.54,NOK,2020-09-19,1
2c92a0b874a2c9720174a82ab7e12e2c,10608.00,GBP,2020-09-19,1
2c92a0b874a2c9720174a82ab7f82e31,8400.00,GBP,2020-09-19,1
2c92a0ae74a2d6610174a82ac024400b,7406.50,NOK,2020-09-19,1
2c92a0ac74a2d66b0174a82ad3ec719d,3477.60,USD,2020-09-19,1
2c92a0b874a2c9720174a82ab7ea2e2e,3456.00,GBP,2020-09-19,1
2c92a0ac74a2d66b0174a82ac8007077,2979.10,USD,2020-09-19,1
2c92a00d74a2d65d0174a6eb33b64fd5,2119.00,USD,2020-09-19,1
2c92a0ae74a2d6610174a82ab8823ead,1632.00,NOK,2020-09-19,1
2c92a0ae74a2d6610174a82ac2f54064,1577.00,NOK,2020-09-19,1
2c92a0ae74a2d6610174a82ab27e3db2,1435.20,EUR,2020-09-19,1
2c92a09a74a2c9480174a82ab92d251e,1188.00,USD,2020-09-19,1
2c92a0ac74a2d66b0174a82acfcd7129,985.00,USD,2020-09-19,1
2c92a0ae74a2d6610174a82ab62f3e34,828.99,SEK,2020-09-19,1
2c92a0b874a2c9720174a82ab7ad2e29,816.00,GBP,2020-09-19,1
2c92a0ae74a2d6610174a82abe283f89,729.12,EUR,2020-09-19,1
2c92a09a74a2c9480174a82abe962646,588.60,AUD,2020-09-19,1
2c92a09a74a2c9480174a82ababa25a0,588.00,AUD,2020-09-19,1
2c92a0ac74a2d66b0174a82ac85f7085,588.00,USD,2020-09-19,1
2c92a0ac74a2d66b0174a82ac53f6ff5,588.00,USD,2020-09-19,1
2c92a00e74a2c93f0174a7c0a4725eec,519.60,RUB,2020-09-19,1
2c92a0ae74a2d6610174a82abd853f68,490.42,NOK,2020-09-19,1
2c92a0b874a2c9720174a82ab7f12e2f,480.00,GBP,2020-09-19,1
2c92a0ac74a2d66b0174a82ad0347137,442.80,USD,2020-09-19,1
2c92a0ae74a2d6610174a82ab4793de1,435.00,EUR,2020-09-19,1
2c92a09a74a2c9480174a82ac09626bf,430.00,AUD,2020-09-19,1
2c92a0a774a2c97e0174ad51137e636b,17116.20,RUB,2020-09-20,1
2c92a00874a2d64f0174aacb4d2163ae,11325.60,RUB,2020-09-20,1
2c92a0a774a2c97e0174ad510990624d,5626.80,RUB,2020-09-20,1
2c92a0ab74a2c9540174ad5126d56dab,4700.00,USD,2020-09-20,1
2c92a0ba74a2c96a0174ad5112957218,2727.05,USD,2020-09-20,1
2c92a0ba74a2c96a0174ad511d62738e,2281.28,USD,2020-09-20,1
2c92a0bb74a2d6440174ad5135fd7ec2,2191.00,USD,2020-09-20,1
2c92a0a774a2c97e0174ad5116bc63d9,1550.00,EUR,2020-09-20,1
2c92a0ab74a2c9540174ad5126606d96,1188.00,USD,2020-09-20,1
2c92a0a774a2c97e0174ad5118346409,819.00,NOK,2020-09-20,1
2c92a0a674a2d6640174b277693b18c6,8817.30,USD,2020-09-21,1
2c92a0ba74a2c96a0174b2776281034c,7338.00,NOK,2020-09-21,1
2c92a00e74a2c9430174b14859d55aa4,6757.74,NOK,2020-09-21,1
2c92a0a674a2d6640174b27769e218e2,4158.50,USD,2020-09-21,0
2c92a0ae74a2d6610174b2777d1f6d01,3068.00,USD,2020-09-21,1
2c92a0aa74a2d62f0174b27781da0dcb,2750.00,AUD,2020-09-21,1
2c92a0bb74a2d6440174b0acdbc978b7,2289.60,USD,2020-09-21,1
2c92a0ba74a2c96a0174b277682203d6,1317.50,EUR,2020-09-21,1
2c92a007751b54d6017526499f7761ec,1188.00,USD,2020-09-21,1
2c92a0ba74a2c96a0174b27774e30568,1188.00,USD,2020-09-21,1
2c92a0fe74a2c9ce0174b041742a1334,1176.00,USD,2020-09-21,1
2c92a0aa74a2d62f0174b277811f0dbf,640.00,EUR,2020-09-21,1
2c92a0ba74a2c96a0174b2776f7404f1,608.00,NOK,2020-09-21,1
2c92a0fc74a2c9b50174af5978396b9e,588.00,USD,2020-09-21,1
2c92a0ba74a2c96a0174b2776b33045e,495.60,EUR,2020-09-21,1
2c92a00d74a2d65c0174b2901e640978,470.00,USD,2020-09-21,1
2c92a0ac74a2d66b0174b79dd91e7124,15581.40,RUB,2020-09-22,1
2c92a0ac74a2d66b0174b79dc9136f0e,11024.99,SEK,2020-09-22,1
2c92a0ac74a2d66b0174b79dd16a7012,5349.60,RUB,2020-09-22,1
2c92a0ac74a2d66b0174b79dcd226f7b,4653.00,NOK,2020-09-22,1
2c92a00f74a2d65e0174b50c78e37c27,3600.00,USD,2020-09-22,1
2c92a01174a2d6510174b563975d0c34,1782.00,EUR,2020-09-22,1
2c92a00d74a2d65c0174b46eb98b241e,1600.27,NOK,2020-09-22,1
2c92a0ac74a2d66b0174b79dbc766d6e,1425.60,USD,2020-09-22,1
2c92a0ba74a2c96a0174b79dd3312f6d,1296.02,USD,2020-09-22,1
2c92a0ad74a2c9490174b79df8ab1386,1296.01,USD,2020-09-22,1
2c92a0ae74a2d6610174b73912d92fbe,1188.00,USD,2020-09-22,1
2c92a0ff74a2d6c00174b554f5ae6bdb,1188.00,USD,2020-09-22,1
2c92a0ac74a2d66b0174b79dd7b070a9,937.44,EUR,2020-09-22,1
2c92a0ba74a2c96a0174b79dd5092fca,936.00,AUD,2020-09-22,1
2c92a0ff74a2d6bc0174b1f003660bfb,888.00,CAD,2020-09-22,1
2c92a01174a2d6510174b47ea48f1a60,803.08,NOK,2020-09-22,1
2c92a0ab74a2c9540174b4a77ef72231,735.00,EUR,2020-09-22,1
2c92a00c74a2c97b0174b3f05c27733a,686.50,USD,2020-09-22,1
2c92a0ba74a2c96a0174b79dd3ee2fa2,588.00,USD,2020-09-22,1
2c92a0b874a2c9720174b79dc7dd64b3,516.00,EUR,2020-09-22,1
2c92a0ac74a2d66b0174b79ddcdc71de,511.84,EUR,2020-09-22,1
2c92a00e74a2c93f0174b6417ab738f6,470.00,USD,2020-09-22,1
2c92a0ba74a2c96a0174b79dd4a52fbd,444.00,AUD,2020-09-22,1
2c92a0ac74a2d66b0174b79dd0c86feb,431.86,EUR,2020-09-22,1
2c92a0ac74a2d66b0174b79dc75b6ec1,427.50,SEK,2020-09-22,1
2c92a0a774b9840b0174bcc4354a62b0,9262.20,RUB,2020-09-23,1
2c92a09974b98ec10174bcc4286c5fff,3938.00,USD,2020-09-23,1
2c92a01174b993af0174bbb7046140bb,2431.00,USD,2020-09-23,1
2c92a0ab74b983e00174bcc41cf91a07,2289.60,USD,2020-09-23,1
2c92a0ab74b983e00174bcc41cf91a07,2289.60,USD,2020-09-23,1
2c92a00774b983f80174bb3c8b945405,2119.00,USD,2020-09-23,1
2c92a0a774b9840b0174bcc41b59604b,1632.00,NOK,2020-09-23,1
2c92a01174b993af0174b9b7e226663f,1192.00,USD,2020-09-23,1
2c92a00d74b993bd0174ba6e337e2456,1161.60,USD,2020-09-23,1
2c92a0ab74b983e00174bcc420821a91,1047.00,USD,2020-09-23,1
2c92a0a774b9840b0174bcc4326f628e,692.40,RUB,2020-09-23,1
2c92a0ba74b983f20174ba8ea84c55a6,653.28,EUR,2020-09-23,1
2c92a09974b98ec10174bcc428cc600b,588.00,EUR,2020-09-23,1
2c92a0ab74b983e00174bcc421111aad,588.00,USD,2020-09-23,1
2c92a0a774b9840b0174bcc42d4f620f,506.96,USD,2020-09-23,1
2c92a0a774b9840b0174bcc421c960cf,457.38,EUR,2020-09-23,1
2c92a09874bf20530174c1ea7d70580f,12444.00,SEK,2020-09-24,1
2c92a09874bf20530174c1ea86165a92,5349.60,RUB,2020-09-24,1
2c92a0ba74bf206b0174c1ea9b701b0b,3871.10,AUD,2020-09-24,1
2c92a0ab74bf20540174c1c60fbc75cd,3630.10,USD,2020-09-24,1
2c92a09974bf2b0e0174c1ea8ec93bfe,2724.62,USD,2020-09-24,1
2c92a0a674bf2b190174c1ea8f91317e,2289.60,USD,2020-09-24,1
2c92a09974bf2b0e0174c1ea8e213be7,2224.80,GBP,2020-09-24,1
2c92a0ad74bf204e0174bfaf1b6b5878,2083.33,AUD,2020-09-24,1
2c92a09974bf2b0e0174c1ea8f563c19,1739.00,EUR,2020-09-24,1
2c92a00e74bf20430174bf5021be72a4,1632.00,NOK,2020-09-24,1
2c92a09874bf20530174c1ea7b3f573f,1632.00,NOK,2020-09-24,1
2c92a0ba74bf206b0174bfa0a3750482,1283.04,EUR,2020-09-24,1
2c92a09874bf20530174c1ea8d805c8d,1275.00,SEK,2020-09-24,1
2c92a09974bf2b0e0174c1ea8dba3bce,1224.00,GBP,2020-09-24,1
2c92a0a674bf2b190174c1ea87742fc5,888.00,CAD,2020-09-24,1
2c92a0fe74bf205a0174c1a83acb5d62,826.20,USD,2020-09-24,1
2c92a09874bf20530174c1ea896a5b84,711.48,EUR,2020-09-24,1
2c92a01174bf31710174c0f4f02d7ed1,614.50,NOK,2020-09-24,1
2c92a09874bf20530174c1ea8241599f,591.00,NOK,2020-09-24,1
2c92a0a674bf2b190174c1ea8e083120,588.00,USD,2020-09-24,1
2c92a0a674bf2b190174c1ea865e2f7d,572.50,USD,2020-09-24,1
2c92a0a674bf2b190174c1ea8b003092,552.00,USD,2020-09-24,1
2c92a0ba74bf206b0174c1ea9ec01bb6,492.00,USD,2020-09-24,1
2c92a0fd74bf314f0174c080953e40b5,470.00,USD,2020-09-24,1
2c92a0a674bf2b190174c1ea90ee31df,445.00,USD,2020-09-24,1
2c92a0a674bf2b190174c710f879568f,7559.99,RUB,2020-09-25,1
2c92a0a674bf2b190174c710feb357b7,5700.00,NOK,2020-09-25,1
2c92a0a674bf2b190174c710efd25547,5349.60,RUB,2020-09-25,1
2c92a0a674bf2b190174c710ea74543b,4674.60,RUB,2020-09-25,1
2c92a0a774bf208c0174c4de1f2e2bc0,3800.00,EUR,2020-09-25,1
2c92a00774bf20740174c4e29b2a4ab3,3300.00,EUR,2020-09-25,1
2c92a0a674bf2b190174c710fd715780,2412.76,USD,2020-09-25,1
2c92a0b974bf2b080174c7110999124d,2289.60,USD,2020-09-25,1
2c92a0ab74bf20540174c711055a6cbe,2289.00,USD,2020-09-25,1
2c92a00f74bf317d0174c543afbb353e,2245.08,USD,2020-09-25,1
2c92a0ac74bf2b150174c710d6cb1200,1876.00,USD,2020-09-25,1
2c92a09874bf20530174c710ec95603d,1567.00,EUR,2020-09-25,1
2c92a0a674bf2b190174c710e195521a,1201.00,NOK,2020-09-25,1
2c92a0ac74bf2b150174c710d4fb119b,1188.00,USD,2020-09-25,1
2c92a0ac74bf2b150174c710d56911aa,1188.00,USD,2020-09-25,1
2c92a0a674bf2b190174c710e3995288,1188.00,USD,2020-09-25,1
2c92a0a674bf2b190174c710e94453cc,1013.00,EUR,2020-09-25,1
2c92a0a674bf2b190174c710e86e537f,948.00,EUR,2020-09-25,1
2c92a0b974bf2b080174c71104de114e,897.00,CAD,2020-09-25,1
2c92a0a674bf2b190174c710ec9c54e4,744.00,GBP,2020-09-25,1
2c92a0b974bf2b080174c71111d5134a,588.00,USD,2020-09-25,1
2c92a0b974bf2b080174c71102b7110e,588.00,USD,2020-09-25,1
2c92a01074bf20750174c670493d434e,588.00,USD,2020-09-25,1
2c92a0b974bf2b080174c7110dc512bb,484.90,USD,2020-09-25,1
2c92a0b974bf2b080174c7110940123e,445.00,USD,2020-09-25,1
2c92a0b874bf20780174cc37370552ac,13410.00,USD,2020-09-26,1
2c92a09974bf2b0e0174cc375d6b5c57,1632.00,NOK,2020-09-26,1
2c92a0bb74bf2b020174cc37425b587d,1500.00,USD,2020-09-26,1
2c92a0ac74bf2b150174cc372ec5289a,1188.00,USD,2020-09-26,1
2c92a09974bf2b0e0174cc37583c5b50,1163.13,SEK,2020-09-26,1
2c92a09974bf2b0e0174cc37607f5cc1,948.00,EUR,2020-09-26,1
2c92a09974bf2b0e0174cc37518d5a6e,627.07,EUR,2020-09-26,1
2c92a09974bf2b0e0174cc374f075a13,588.00,EUR,2020-09-26,1
2c92a09974bf2b0e0174cc375aae5bbc,521.69,NOK,2020-09-26,1
2c92a0ac74bf2b150174cc37332628f3,478.00,AUD,2020-09-26,1
2c92a09974bf2b0e0174cc37593b5b7d,436.00,USD,2020-09-26,1
2c92a0b874cf3c6a0174d15dbee10fbb,11977.00,EUR,2020-09-27,1
2c92a09a74cf3c450174d15da7d41dc8,5700.00,NOK,2020-09-27,1
2c92a0b874cf3c6a0174d15dbd960fa7,3865.00,SEK,2020-09-27,1
2c92a0aa74cf475e0174d15dab2565e0,2289.60,USD,2020-09-27,1
2c92a09a74cf3c450174d15da0831c56,2227.20,RUB,2020-09-27,1
2c92a09974cf477b0174d15d997f20e5,2200.00,USD,2020-09-27,1
2c92a0aa74cf475e0174d15da60864e4,1896.00,AUD,2020-09-27,1
2c92a09a74cf3c450174d15da1eb1c8e,1212.00,RUB,2020-09-27,1
2c92a09974cf477b0174d15d95112054,1188.00,USD,2020-09-27,1
2c92a09a74cf3c450174d15da3881d18,1099.67,EUR,2020-09-27,1
2c92a0b874cf3c6a0174d15dbe590fb1,1095.00,EUR,2020-09-27,1
2c92a09a74cf3c450174d15d9ae31b8f,948.01,NOK,2020-09-27,1
2c92a0aa74cf475e0174d15da5a764d5,936.00,AUD,2020-09-27,1
2c92a09a74cf3c450174d15d9c931be0,896.00,NOK,2020-09-27,1
2c92a09a74cf3c450174d15da49e1d63,692.40,RUB,2020-09-27,1
2c92a09a74cf3c450174d15da1931c80,692.40,RUB,2020-09-27,1
2c92a09974cf477b0174d15d9a6a210e,588.00,USD,2020-09-27,1
2c92a09a74cf3c450174d15d9ffe1c45,588.00,USD,2020-09-27,1
2c92a09a74cf3c450174d15daef21ea6,549.36,EUR,2020-09-27,1
2c92a01074cf3c690174d52552fd5b0a,4800.00,USD,2020-09-28,1
2c92a09a74cf3c450174d683e52a78f9,4732.20,CAD,2020-09-28,1
2c92a0a774cf3c770174d38d5fce48ca,4056.00,EUR,2020-09-28,1
2c92a00e74cf3c360174d49300af1b74,3132.00,EUR,2020-09-28,1
2c92a09a74cf3c450174d683f03c7ab4,2734.00,USD,2020-09-28,1
2c92a0a674cf478a0174d683fbd44a40,1632.00,NOK,2020-09-28,1
2c92a0a674cf478a0174d683f27c48a7,1399.01,UAH,2020-09-28,1
2c92a0a674cf478a0174d68403804b5e,1275.00,SEK,2020-09-28,1
2c92a0ba74cf3c630174d6a724f60cf2,1247.00,USD,2020-09-28,1
2c92a0a674cf478a0174d68418244e38,819.00,NOK,2020-09-28,1
2c92a0ba74cf3c630174d6a725040cf4,756.00,USD,2020-09-28,1
2c92a0b874cf3c6a0174d3d0c0c32683,731.63,USD,2020-09-28,1
2c92a0a674cf478a0174d68418ca4e4a,692.40,RUB,2020-09-28,1
2c92a0ba74cf3c630174d6a7250b0cf5,609.00,USD,2020-09-28,1
2c92a0a674cf478a0174d683f88949a7,591.00,NOK,2020-09-28,1
2c92a0a674cf478a0174d683faf74a23,582.00,EUR,2020-09-28,1
2c92a0a674cf478a0174d68404164b87,513.65,USD,2020-09-28,1
2c92a09a74cf3c450174d683e6587930,495.80,USD,2020-09-28,1
2c92a09a74cf3c450174d683e9aa7975,489.00,USD,2020-09-28,1
2c92a00874cf4d760174d5148d740946,470.00,USD,2020-09-28,1
2c92a00d74cf4d780174d4c1cae73478,429.24,EUR,2020-09-28,1
2c92a09874cf3c480174dbaa43174775,12319.60,AUD,2020-09-29,1
2c92a0ad74cf3c450174d8e9a6f26e12,10184.40,EUR,2020-09-29,1
2c92a09874cf3c480174dbaa408a475c,4248.00,GBP,2020-09-29,0
2c92a0ac74cf478b0174d8954b2b5124,2208.75,SEK,2020-09-29,1
2c92a00e74cf3c320174d90294b05c3b,2150.00,USD,2020-09-29,1
2c92a0ab74cf3c4e0174dbaa63a5410e,1572.12,NOK,2020-09-29,1
2c92a0ab74cf3c4e0174dbaa59f34043,1534.80,RUB,2020-09-29,1
2c92a0ab74cf3c4e0174dbaa590d402d,1424.60,NOK,2020-09-29,1
2c92a0ae74cf47910174d9c01ad71a62,1188.00,EUR,2020-09-29,1
2c92a0ba74cf3c630174dbaa4c29767d,1188.00,USD,2020-09-29,1
2c92a00c74cf3c730174da1aebc156a6,1178.10,EUR,2020-09-29,1
2c92a0b874cf3c6a0174dbaa511b0b09,936.00,AUD,2020-09-29,1
2c92a0ba74cf3c630174dbaa48307592,888.00,CAD,2020-09-29,1
2c92a00874cf4d700174d91fbba57669,705.60,EUR,2020-09-29,1
2c92a0ab74cf3c4e0174dbaa56ff3ffd,702.00,EUR,2020-09-29,1
2c92a0ab74cf3c4e0174dbaa4f9a3f53,702.00,EUR,2020-09-29,1
2c92a0ab74cf3c4e0174dbaa4db63f2b,588.00,USD,2020-09-29,1
2c92a0ba74cf3c630174dbaa44ab7518,588.00,USD,2020-09-29,1
2c92a0fe74cf3c4e0174dadf5d234145,588.00,USD,2020-09-29,1
2c92a0ab74cf3c4e0174dbaa52953f8b,559.65,EUR,2020-09-29,1
2c92a00774cf3c690174d79e26cf1214,519.60,RUB,2020-09-29,1
2c92a00d74cf4d780174d9746c5e53a2,470.00,USD,2020-09-29,1
2c92a0ae74de4a880174e0d0a3113585,27108.00,NOK,2020-09-30,1
2c92a00874cf4d700174d8b6dac804a4,24000.00,EUR,2020-09-30,1
2c92a0ae74de4a880174e0d0c2743cc1,14731.20,RUB,2020-09-30,1
2c92a0ae74de4a880174e0d0c09b3c4a,13919.40,RUB,2020-09-30,1
2c92a0ae74de4a880174e0d0b84c3a58,10875.60,RUB,2020-09-30,1
2c92a00774cf3c690174d873c7c04480,4320.00,EUR,2020-09-30,1
2c92a0aa74de4a4b0174e0d0d00a0011,3686.40,USD,2020-09-30,1
2c92a0aa74de4a4b0174e0d0d1c50071,2872.00,USD,2020-09-30,1
2c92a0fc74de3d600174de96e8c855f8,2730.00,USD,2020-09-30,1
2c92a0aa74de4a4b0174e0d0d2b5009e,2580.12,USD,2020-09-30,1
2c92a0fc74cf3c370174d82f89b43137,2500.00,USD,2020-09-30,1
2c92a0fc74cf3c370174d8823ca20d0d,2500.00,USD,2020-09-30,1
2c92a0ae74de4a880174e0d0b1e23845,2450.40,GBP,2020-09-30,1
2c92a0ff74de4a970174e038a5e30037,2100.00,EUR,2020-09-30,1
2c92a0aa74de4a4b0174e0d0d126004d,1850.00,EUR,2020-09-30,1
2c92a09974de4a770174e0d0c8cc4bee,1800.00,CAD,2020-09-30,1
2c92a0ae74de4a880174e0d0bf6f3c1d,1713.50,USD,2020-09-30,1
2c92a0aa74de4a4b0174e0d0cf6e7fe1,1674.20,USD,2020-09-30,1
2c92a0ad74ddaef00174ddf519ca7d3e,1529.00,USD,2020-09-30,1
2c92a0ae74de4a880174e0d0b7a23a2b,1200.01,RUB,2020-09-30,1
2c92a0aa74de4a4b0174e0d0d0650025,1188.00,EUR,2020-09-30,1
2c92a09974de4a770174e0d0ce8a4ce9,1188.00,USD,2020-09-30,1
2c92a0a674de4a830174e0d0aaf555f4,1131.60,GBP,2020-09-30,1
2c92a0a674de4a830174e0d0aad355f2,1082.40,GBP,2020-09-30,1
2c92a00c74de3da10174e02b73e214c9,1000.00,EUR,2020-09-30,1
2c92a0ba74de3d950174e0d0b70f5cf9,600.01,AUD,2020-09-30,1
2c92a09974de4a770174e0d0c7e44bbc,588.00,USD,2020-09-30,1
2c92a09974de4a770174e0d0ca594c3c,588.00,USD,2020-09-30,1
2c92a09974de4a770174e0d0c4104b05,574.93,USD,2020-09-30,1
2c92a0ae74de4a880174e0d09e5234a1,479.43,EUR,2020-09-30,1
2c92a09874ddaeef0174de234b336e64,470.00,USD,2020-09-30,1
2c92a0aa74de4a4b0174e42b513b522a,54111.02,RUB,2020-10-01,0
2c92a0b874de3da10174e5f712196d48,44376.00,EUR,2020-10-01,0
2c92a0ab74de3d7b0174e5f707824ab8,10104.60,RUB,2020-10-01,1
2c92a0ab74de3d7b0174e5f70cd44b5e,9216.01,RUB,2020-10-01,1
2c92a0b874de3da10174e5f71aa66e19,8430.00,EUR,2020-10-01,1
2c92a0b874de3da10174e5f714f56dbc,7500.00,EUR,2020-10-01,1
2c92a0ab74de3d7b0174e5f7155a4d06,7479.00,RUB,2020-10-01,1
2c92a0ab74de3d7b0174e5f7114b4c28,4674.60,RUB,2020-10-01,1
2c92a0b874de3da10174e5f71b246e29,4200.00,USD,2020-10-01,0
2c92a00e7405463e017406b405e25f57,3745.10,USD,2020-10-01,1
2c92a0b874de3da10174e5f715746dd3,3673.60,USD,2020-10-01,1
2c92a0fc74de3d600174e3e36abd404a,3509.80,USD,2020-10-01,1
2c92a0b874de3da10174e5f71c936e53,3239.00,EUR,2020-10-01,1
2c92a09a74de3d6d0174e5f7318f1324,3221.00,EUR,2020-10-01,1
2c92a0b874de3da10174e5f714246d94,2873.00,USD,2020-10-01,1
2c92a0b874de3da10174e460393c7e83,2854.37,USD,2020-10-01,1
2c92a0b874de3da10174e5f71c006e3f,2517.60,EUR,2020-10-01,1
2c92a0ab74de3d7b0174e5f70db64b94,2033.75,EUR,2020-10-01,1
2c92a0b874de3da10174e5f710666cf0,1910.88,GBP,2020-10-01,1
2c92a0ae74de4a880174e5f6f84323ae,1896.00,AUD,2020-10-01,1
2c92a0b874de3da10174e5f715fe6dee,1500.00,NOK,2020-10-01,1
2c92a0ab74de3d7b0174e5f7044f4a64,1378.08,EUR,2020-10-01,1
2c92a0ab74de3d7b0174e5f717dd4daf,1343.52,GBP,2020-10-01,1
2c92a0b874de3da10174e5f713636d75,1300.00,EUR,2020-10-01,1
2c92a0b874de3da10174e5f70f876cc2,1165.00,EUR,2020-10-01,1
2c92a0b874de3da10174e5f711426d1d,830.63,EUR,2020-10-01,1
2c92a0ab74de3d7b0174e5f7084d4ace,819.00,NOK,2020-10-01,1
2c92a0ab74de3d7b0174e5f705244a79,819.00,NOK,2020-10-01,1
2c92a0ab74de3d7b0174e5f7039c4a50,784.00,EUR,2020-10-01,1
2c92a0b874de3da10174e5f712986d5d,741.60,GBP,2020-10-01,0
2c92a00774e98e1a0175076ba2dd05b3,621.60,EUR,2020-10-01,1
2c92a09a74de3d6d0174e5f734eb13c9,588.00,USD,2020-10-01,1
2c92a09a74de3d6d0174e5f7353e13d6,588.00,USD,2020-10-01,1
2c92a0ab74de3d7b0174e5f710e24c1e,588.00,USD,2020-10-01,1
2c92a00e74de3d640174e36d68757116,519.60,RUB,2020-10-01,1
2c92a01074de3d990174e50b43dd57f5,519.60,RUB,2020-10-01,1
2c92a0ab74de3d7b0174e5f716204d2b,490.00,EUR,2020-10-01,1
2c92a0b874de3da10174e5f7149f6dae,485.00,EUR,2020-10-01,1
2c92a00f74de4a840174e4cf053259d2,470.22,USD,2020-10-01,1
2c92a00e74de3d640174e1ec11fe3f7c,470.00,USD,2020-10-01,1
2c92a09a74de3d6d0174e5f735c613ea,459.00,USD,2020-10-01,1
2c92a0ae74de4a880174e5f6fa3823e9,457.00,EUR,2020-10-01,1
2c92a0ae74de4a880174e5f6fe2824d4,440.50,AUD,2020-10-01,1
2c92a00e74de3d670174e41088185b10,436.80,USD,2020-10-01,1
2c92a0ac74de4a8b0174e96b838a6628,13270.00,EUR,2020-10-02,1
2c92a0ab74e98e080174eb1d6b2d2a8c,11025.00,SEK,2020-10-02,1
2c92a0ab74e98e080174eb1d7dde2cf7,6301.80,RUB,2020-10-02,1
2c92a0a774e98e310174eb1d6ad036a1,2142.00,USD,2020-10-02,1
2c92a09874e98df90174e9c64062594a,1988.85,EUR,2020-10-02,1
2c92a0ac74e999090174eb1d7730578f,1950.00,EUR,2020-10-02,1
2c92a0aa74e998cb0174eb1d95074b5f,1803.00,USD,2020-10-02,1
2c92a0ae74e999010174e9db96f56eba,1722.60,EUR,2020-10-02,1
2c92a0ab74e98e080174eb1d73252bae,1384.80,RUB,2020-10-02,1
2c92a0aa74e998cb0174eb1d90974a5b,1324.32,USD,2020-10-02,1
2c92a0aa74e998cb0174eb1d91fc4aa9,1296.02,USD,2020-10-02,1
2c92a0ab74e98e080174eb1d63e22991,1194.00,EUR,2020-10-02,1
2c92a0aa74e998cb0174eb1d8c5449b1,1099.00,EUR,2020-10-02,1
2c92a0ab74e98e080174eb1d5fb728b1,948.00,NOK,2020-10-02,1
2c92a0ab74e98e080174eb1d770e2c16,831.89,USD,2020-10-02,1
2c92a0aa74e998cb0174eb1d8d0149e4,588.00,USD,2020-10-02,1
2c92a0aa74e998cb0174eb1d92a04ad7,588.00,USD,2020-10-02,1
2c92a0ab74e98e080174eb1d755a2bee,588.00,USD,2020-10-02,1
2c92a0ab74e98e080174eb1d701a2b42,528.49,SEK,2020-10-02,1
2c92a0b974e998fa0174eb1d5a5107e2,442.80,USD,2020-10-02,1
2c92a0aa74e998cb0174eb1d83a64852,439.01,CAD,2020-10-02,1
2c92a00f74e75dd60174e999cdee2539,436.80,USD,2020-10-02,1
2c92a0ab74e98e080174eb1d67e329eb,434.74,NOK,2020-10-02,1
2c92a0ab74e98e080174eb1d67ec29ec,434.74,NOK,2020-10-02,1
2c92a0ab74e98e080174eb1d62342956,434.74,NOK,2020-10-02,1
2c92a09a74e98df40174f043e30640bb,15000.02,UAH,2020-10-03,1
2c92a09874e98df90174f043ea9a2c53,3747.50,CAD,2020-10-03,1
2c92a0a674e999030174f043b14b5dfa,3084.50,EUR,2020-10-03,1
2c92a0a674e999030174f043aeaa5dd8,1500.00,EUR,2020-10-03,1
2c92a0ba74e98e0e0174f043c7b2374b,948.00,EUR,2020-10-03,1
2c92a0ba74e98e0e0174f043cb273849,790.10,AUD,2020-10-03,1
2c92a09874e98df90174f043debe2aa8,584.84,USD,2020-10-03,1
2c92a09a74e98df40174f043df44403c,490.42,NOK,2020-10-03,1
2c92a09a74e98df40174f043df4d403d,490.42,NOK,2020-10-03,1
2c92a09874e98df90174f043ecda2c9b,442.80,USD,2020-10-03,1
2c92a0ba74e98e0e0174f56a210b148f,3808.80,RUB,2020-10-04,1
2c92a0ba74e98e0e0174f56a237d14dc,1632.00,NOK,2020-10-04,1
2c92a0ba74e98e0e0174f56a17bf133f,1534.80,RUB,2020-10-04,1
2c92a0aa74e998cb0174f56a1712327a,942.00,GBP,2020-10-04,1
2c92a0b974e998fa0174f56a2d453447,826.20,USD,2020-10-04,1
2c92a0ba74e98e0e0174f56a1e65141c,490.42,NOK,2020-10-04,1
2c92a00c74e98e280174f4a89aba0b72,486.00,EUR,2020-10-04,1
2c92a09a74e98df40174f77974fd4718,7479.00,RUB,2020-10-05,1
2c92a09874e98df90174fa907bfe287d,2034.00,RUB,2020-10-05,1
2c92a0a674e999030174fa9082ad504f,1723.00,USD,2020-10-05,1
2c92a0fe74e98df80174f8c199dd510b,1543.50,USD,2020-10-05,1
2c92a0ab74e98e080174fa906ea97b20,936.00,AUD,2020-10-05,1
2c92a09974e998fa0174fa907388794c,920.00,USD,2020-10-05,1
2c92a09874e98df90174fa9087972a1b,756.00,EUR,2020-10-05,1
2c92a0ae74e999010174fa90780a573b,714.50,USD,2020-10-05,1
2c92a09874e98df90174fa9088352a32,705.60,EUR,2020-10-05,1
2c92a01074e98e180174f8576915290d,692.40,RUB,2020-10-05,1
2c92a09874e98df90174fa907900282a,607.80,EUR,2020-10-05,1
2c92a09874e98df90174fa907881281d,588.00,USD,2020-10-05,1
2c92a09874e98df90174fa9086c32a0f,577.00,RUB,2020-10-05,1
2c92a0ab74e98e080174fa9070ac7ba9,478.00,AUD,2020-10-05,1
2c92a0aa73081d5901731476ca2944f6,10736.19,USD,2020-10-06,1
2c92a0ba74e98e0e0174ffb6e1fd66a6,2522.40,GBP,2020-10-06,1
2c92a09974e998fa0174feaae5d95fba,2332.80,EUR,2020-10-06,1
2c92a0bb74e998e60174ffb6e1f772c7,2279.28,SEK,2020-10-06,1
2c92a0bb74e998e60174ffb6d43c6f45,1710.00,EUR,2020-10-06,1
2c92a0bb74e998e60174ffb6d2836e65,1634.29,USD,2020-10-06,1
2c92a0ba74e98e0e0174ffb6e30866d5,1201.00,NOK,2020-10-06,1
2c92a0bb74e998e60174ffb6ec0d7410,1137.60,EUR,2020-10-06,1
2c92a0ae74e999010174ffb6db366cf5,936.00,AUD,2020-10-06,1
2c92a0bb74e998e60174ffb6e92d73ab,849.42,EUR,2020-10-06,1
2c92a00d74e99eba0174fd4136fb59cb,819.00,NOK,2020-10-06,1
2c92a0ba74e98e0e0174ffb6e29166c4,789.00,USD,2020-10-06,1
2c92a0bb74e998e60174ffb6d28c6e68,729.12,EUR,2020-10-06,1
2c92a00c74e98e270174ff460b137b38,726.93,NOK,2020-10-06,1
2c92a0bb74e998e60174ffb6df217263,705.60,EUR,2020-10-06,1
2c92a0bb74e998e60174ffb6d6dd7033,588.00,EUR,2020-10-06,1
2c92a0bb74e998e60174ffb6db7f71ac,576.57,USD,2020-10-06,1
2c92a0fe74e98df80174ff3b086c6f64,444.00,AUD,2020-10-06,1
2c92a0bb74e998e60174ffb6cb5b6c7a,429.50,UAH,2020-10-06,1
2c92a0ac74e99909017504dd56d240f4,5626.80,RUB,2020-10-07,1
2c92a0a774e98e31017504dd2af6096b,4326.00,USD,2020-10-07,0
2c92a01174e99eaf017504797fa30dc8,2119.00,USD,2020-10-07,1
2c92a0bb74e998e60175021cdc0407d7,2025.00,EUR,2020-10-07,1
2c92a09874e98df90175021e9049652e,2025.00,EUR,2020-10-07,1
2c92a0a774e98e31017504dd2bac098d,1739.00,EUR,2020-10-07,1
2c92a09a74e98df4017504dd212c0dde,1552.50,USD,2020-10-07,1
2c92a0a774e98e31017504dd29c50921,1188.00,USD,2020-10-07,1
2c92a09a74e98df4017504dd2d680f78,1164.80,USD,2020-10-07,1
2c92a00874e99eac0175011b184f5f71,1161.60,USD,2020-10-07,1
2c92a0ac74e99909017504dd5e2441ad,1143.40,NOK,2020-10-07,1
2c92a09a74e98df4017504dd23b90e1c,890.00,USD,2020-10-07,1
2c92a0ac74e99909017504dd5bd84181,826.20,USD,2020-10-07,1
2c92a0ac74e99909017504dd5d7c41a1,819.00,NOK,2020-10-07,1
2c92a0ac74e99909017504dd5ca74195,708.00,EUR,2020-10-07,1
2c92a00f74e99eb70175035882773739,696.58,EUR,2020-10-07,1
2c92a00e74e98de801750250838a4b73,638.75,SEK,2020-10-07,1
2c92a0ac74e99909017504dd4f184062,626.25,SEK,2020-10-07,1
2c92a09a74e98df4017504dd2ddf0f87,588.00,USD,2020-10-07,1
2c92a09a74e98df4017504dd2a8d0f07,588.00,USD,2020-10-07,1
2c92a09a74e98df4017504dd2bef0f55,588.00,USD,2020-10-07,1
2c92a0a774e98e31017504dd2a2b0936,588.00,EUR,2020-10-07,1
2c92a0ad74e98df4017504dd45307f77,574.93,USD,2020-10-07,1
2c92a09a74e98df4017504dd24ff0e46,572.40,CAD,2020-10-07,1
2c92a0ac74e99909017504dd51b94098,523.00,NOK,2020-10-07,1
2c92a0ff74e99ec60175013d8f4d0c96,470.00,USD,2020-10-07,1
2c92a09974e998fa01750a03988b4d10,11508.00,NOK,2020-10-08,1
2c92a00874e99ead017506d400656cb3,7271.32,RUB,2020-10-08,1
2c92a09974e998fa01750a038c3049f9,5349.60,RUB,2020-10-08,1
2c92a0ac74e9990901750a039d1d42c0,5321.10,GBP,2020-10-08,1
2c92a0ac74e9990901750a03a019431f,2639.50,EUR,2020-10-08,1
2c92a0ac74e9990901750a039c8c42aa,1889.47,EUR,2020-10-08,1
2c92a0ac74e9990901750a039da942d6,1532.97,EUR,2020-10-08,1
2c92a0b974e998fa017507b486011d4c,1392.00,GBP,2020-10-08,1
2c92a09974e998fa01750a039a9a4d7a,1201.00,NOK,2020-10-08,1
2c92a0ad74e98df4017507d1f4092ecb,1128.60,USD,2020-10-08,1
2c92a0ad74e98df4017507e4d4c76043,1069.20,EUR,2020-10-08,1
2c92a0ac74e9990901750a039f8c430f,1041.00,EUR,2020-10-08,1
2c92a0ab74e98e0801750a0379235d52,1024.00,USD,2020-10-08,1
2c92a09974e998fa01750a0395244bf2,948.01,NOK,2020-10-08,1
2c92a09874e98df901750a03a8a4024e,936.00,AUD,2020-10-08,1
2c92a00e74e98deb017506f0cc45151a,828.00,UAH,2020-10-08,1
2c92a09974e998fa01750a039cc54ddc,819.00,NOK,2020-10-08,1
2c92a0fd74e99e980175090aa702355d,588.00,USD,2020-10-08,1
2c92a0b874e98e2701750a03999c4fa2,588.00,USD,2020-10-08,1
2c92a0a7750b35fd01750f29ddf32080,25200.00,EUR,2020-10-09,1
2c92a098750b35d001750f2a197859f6,7479.00,RUB,2020-10-09,1
2c92a0a7750b35fd01750f29da5b2019,3734.00,USD,2020-10-09,1
2c92a0a7750b35fd01750f29db432032,3531.00,EUR,2020-10-09,1
2c92a0a7750b35fd01750f29de8a209d,1188.00,USD,2020-10-09,1
2c92a0aa750b402d01750f2a040e6a00,1188.00,USD,2020-10-09,1
2c92a0fd750b44ae01750da2fb012ce9,1038.72,RUB,2020-10-09,1
2c92a098750b35d001750f2a103658c2,948.01,NOK,2020-10-09,1
2c92a099750b405e01750f29f7721afe,826.20,USD,2020-10-09,1
2c92a098750b35d001750f2a0ad5581f,692.40,RUB,2020-10-09,1
2c92a008750b44be01750d9ffa400ac2,692.40,RUB,2020-10-09,1
2c92a098750b35d001750f2a0a6b5812,604.80,GBP,2020-10-09,1
2c92a099750b405e01750f2a04911d0f,599.00,USD,2020-10-09,1
2c92a098750b35d001750f2a188059ce,575.35,EUR,2020-10-09,1
2c92a0b8750b35f4017514503a80303a,9117.00,USD,2020-10-10,1
2c92a0aa750b402d017514505a045f1a,6042.00,RUB,2020-10-10,1
2c92a0ab750b35d8017514503538692c,5849.00,EUR,2020-10-10,1
2c92a0ba750b35e6017514505fc802d6,4380.01,USD,2020-10-10,1
2c92a0b8750b35f40175145036072fe4,3984.00,EUR,2020-10-10,1
2c92a0aa750b402d0175145069b96162,1212.00,RUB,2020-10-10,1
2c92a0ba750b35e6017514505712017f,1113.75,USD,2020-10-10,1
2c92a0b8750b35f40175145036a42fe5,768.00,EUR,2020-10-10,0
2c92a0ba750b35e6017514505d2a0263,588.00,USD,2020-10-10,1
2c92a0aa750b402d017514505a625f2a,588.00,EUR,2020-10-10,1
2c92a0ba750b35e601751450581d01a3,572.50,USD,2020-10-10,1
2c92a00e750b35b6017512e6f8194cb2,534.31,EUR,2020-10-10,1
2c92a0ba750b35e6017514505aec0219,442.80,USD,2020-10-10,1
2c92a0ac750b406101751976b14754a0,10365.96,CAD,2020-10-11,1
2c92a00c750b35fa0175152771bf5547,2119.00,USD,2020-10-11,1
2c92a0bb750b404a01751976d10c7092,1188.00,USD,2020-10-11,1
2c92a0bb750b404a01751976bd1f6dd2,938.50,NOK,2020-10-11,1
2c92a099750b405e017519769f226bce,628.80,USD,2020-10-11,1
2c92a099750b405e0175197698e46aa5,552.00,USD,2020-10-11,1
2c92a0bb750b404a01751976cf40705f,490.00,USD,2020-10-11,1
2c92a099750b405e017519769fea6bee,442.80,USD,2020-10-11,1
2c92a0bb750b404a01751976cac26f88,434.74,NOK,2020-10-11,1
2c92a007751b54d701751c630e201b0c,29938.20,NOK,2020-10-12,0
2c92a00d751b651401751cadbd7f33e3,11462.00,EUR,2020-10-12,1
2c92a0ac751b5f8901751e9d217c00ed,5700.00,NOK,2020-10-12,1
2c92a0ab751b54bc01751e9d112a44e8,4871.00,EUR,2020-10-12,1
2c92a0ba751b54cf01751e9d060c4168,4380.01,USD,2020-10-12,1
2c92a0ba751b54cf01751e9d0ab04217,2004.00,EUR,2020-10-12,1
2c92a0ac751b5f8901751e9d23550134,1274.50,EUR,2020-10-12,1
2c92a0ab751b54bc01751e9d11b24503,1187.00,EUR,2020-10-12,1
2c92a007751b54d701751c571bed6216,1008.00,EUR,2020-10-12,1
2c92a0ab751b54bc01751e9d0fd344b5,968.00,EUR,2020-10-12,1
2c92a0ab751b54bc01751e9d106c44ca,616.00,EUR,2020-10-12,1
2c92a008751b650201751bf9e60b0326,470.00,USD,2020-10-12,1
2c92a0ac751b5f8901751e9d40e7041c,450.00,USD,2020-10-12,1
2c92a0ac751b5f8901751e9d1d53004e,435.00,EUR,2020-10-12,1
2c92a099751b5f77017523c34e9f5118,16273.80,RUB,2020-10-13,1
2c92a099751b5f77017523c36ac555eb,9596.00,NOK,2020-10-13,1
2c92a0b9751b5f7e01751fe5db930d5e,7905.60,EUR,2020-10-13,1
2c92a099751b5f77017523c36ab655e9,6551.00,NOK,2020-10-13,1
2c92a0ad751b54af017521897f5d3595,2112.00,EUR,2020-10-13,1
2c92a0ba751b54cf017523c35d1576fa,1767.50,USD,2020-10-13,1
2c92a0ad751b54af017523c350f239d7,1500.00,EUR,2020-10-13,1
2c92a0ad751b54af017523c3514639e1,1473.12,EUR,2020-10-13,1
2c92a0ad751b54af017523c3508d39cd,1224.00,GBP,2020-10-13,1
2c92a00e751b549d017520d51d2e4650,1175.23,USD,2020-10-13,1
2c92a0ac751b5f8901752125eaaa70b3,1000.00,EUR,2020-10-13,1
2c92a0ae751b5f8b01752109da022fea,948.00,EUR,2020-10-13,1
2c92a099751b5f77017523c3636e54d7,819.00,NOK,2020-10-13,1
2c92a0ab751b54bc017523c351701f1c,588.00,USD,2020-10-13,1
2c92a099751b5f77017523c36da356c7,588.00,USD,2020-10-13,1
2c92a0fd751b64ef017521192b6d03a4,519.60,RUB,2020-10-13,1
2c92a0ba751b54cf017523c35bd176c2,511.63,AUD,2020-10-13,1
2c92a099751b5f77017523c3528451a2,490.42,NOK,2020-10-13,1
2c92a007751b54d7017523aa26d131ff,470.00,USD,2020-10-13,1
2c92a0ab751b54bc017523c3597a2064,445.00,USD,2020-10-13,1
2c92a0ad751b54af017528e9e4e077ff,26457.00,RUB,2020-10-14,1
2c92a0ad751b54af017528e9d24b75a7,15581.40,RUB,2020-10-14,1
2c92a00c751b54dc01752551b8690a61,7464.02,RUB,2020-10-14,1
2c92a0ad751b54af017528e9d0c8755d,4668.00,NOK,2020-10-14,1
2c92a0aa751b5f51017528e9b447162c,3900.00,EUR,2020-10-14,1
2c92a00d751b651d0175263604693f69,1188.00,USD,2020-10-14,1
2c92a0aa751b5f51017528e9b4e7164c,1188.00,EUR,2020-10-14,1
2c92a0ba751b54cf017528e9cee45d46,1188.00,USD,2020-10-14,1
2c92a0fc751b549c017525848d785e43,862.26,USD,2020-10-14,1
2c92a0ad751b54af017528e9e46777f3,819.00,NOK,2020-10-14,1
2c92a0fd751b64ef017527b4867f267d,604.80,GBP,2020-10-14,1
2c92a0ba751b54cf017528e9c7645c69,588.00,USD,2020-10-14,1
2c92a0ff751b6525017525dd15ce57f9,588.00,USD,2020-10-14,1
2c92a0ad751b54af017528e9de6d7791,588.00,USD,2020-10-14,1
2c92a008751b65070175263d7b742253,519.60,RUB,2020-10-14,1
2c92a0ff751b652801752604c98e6fed,484.00,EUR,2020-10-14,1
2c92a0ad751b54af017528e9e947784b,445.48,GBP,2020-10-14,1
2c92a0b8751b54e101752e100b6e0f54,7467.00,EUR,2020-10-15,1
2c92a0b9751b5f7e01752e10211d180a,5000.00,EUR,2020-10-15,1
2c92a00c751b54dc01752b8148640f2a,3805.20,EUR,2020-10-15,1
2c92a0fc751b549c01752b7ff6c53aba,2151.00,RUB,2020-10-15,1
2c92a0b8751b54e101752e100ae90f42,1434.00,USD,2020-10-15,1
2c92a0ad751b54af01752e102dc46157,1188.00,USD,2020-10-15,1
2c92a099751b5f7701752e1023b45208,1113.84,NOK,2020-10-15,1
2c92a099751b5f7701752e10245a5216,1104.38,SEK,2020-10-15,1
2c92a099751b5f7701752e102cf5532a,946.20,EUR,2020-10-15,1
2c92a0ad751b54af01752e10317361f9,928.30,USD,2020-10-15,1
2c92a0aa751b5f5101752c3cc515226d,846.77,EUR,2020-10-15,1
2c92a010751b54d601752c1926f01f2b,828.13,SEK,2020-10-15,1
2c92a0ad751b54af01752e10301861cc,655.00,AUD,2020-10-15,1
2c92a099751b5f7701752e1024b45220,588.00,USD,2020-10-15,1
2c92a099751b5f7701752e1029d952d4,588.00,USD,2020-10-15,1
2c92a0a7751b54e901752e1003931f2c,588.00,USD,2020-10-15,1
2c92a099751b5f7701752e1016cf5044,577.00,RUB,2020-10-15,1
2c92a0997531239e01753336816b2fa0,43135.69,NOK,2020-10-16,1
2c92a0bb75312390017531feaa754a59,20700.00,NOK,2020-10-16,1
2c92a0ad753118660175333660155e88,9540.00,EUR,2020-10-16,1
2c92a0997531239e017533367d732eb6,3815.00,UAH,2020-10-16,1
2c92a09a751b54ac0175302149d64f71,2959.20,GBP,2020-10-16,1
2c92a0997531239e0175321b1cd23dbb,1328.29,EUR,2020-10-16,1
2c92a09a7531186a0175333696916a43,1188.00,USD,2020-10-16,1
2c92a0997531239e01753336805e2f6d,819.00,NOK,2020-10-16,1
2c92a0997531239e0175333684fe304c,717.36,EUR,2020-10-16,1
2c92a010751b54d601753015cba54a9c,614.50,NOK,2020-10-16,1
2c92a09a7531186a0175333691746946,588.00,USD,2020-10-16,1
2c92a0ae753123b10175333672661d78,559.50,USD,2020-10-16,1
2c92a09a7531186a017533369b616c23,546.50,USD,2020-10-16,1
2c92a09a7531186a0175333694b069dd,439.01,CAD,2020-10-16,1
2c92a0ab7531187d0175385cc5bb06e5,1706.50,NOK,2020-10-17,1
2c92a0ae753123b10175385cbe430165,936.00,AUD,2020-10-17,1
2c92a0ab7531187d0175385cbeaa05af,717.36,EUR,2020-10-17,1
2c92a0ab7531187d0175385cc957076e,596.00,EUR,2020-10-17,1
2c92a098753118620175385ccc34101a,594.00,EUR,2020-10-17,1
2c92a0ab7531187d0175385ccf0608ae,588.00,EUR,2020-10-17,1
2c92a0ab7531187d0175385cc7ca073e,588.00,EUR,2020-10-17,1
2c92a0ab7531187d0175385cc21f0663,576.00,GBP,2020-10-17,1
2c92a0bb753123900175385ccae62331,445.00,USD,2020-10-17,1
2c92a00e7531185b01753fc9faf310d7,44728.00,EUR,2020-10-18,0
2c92a0ba7531188101753d83530c207b,15581.40,RUB,2020-10-18,1
2c92a0ba7531188101753d83429f1e62,2877.60,USD,2020-10-18,1
2c92a0997531239e01753d8334dc6213,2748.70,USD,2020-10-18,1
2c92a0bb7531239001753d831e9679f7,2289.60,USD,2020-10-18,1
2c92a0bb7531239001753d83215a7a6c,1648.00,CAD,2020-10-18,1
2c92a0ba7531188101753d8346b81f0d,1437.48,EUR,2020-10-18,1
2c92a0ac753123a801753d832dbb778a,1188.00,USD,2020-10-18,1
2c92a0bb7531239001753d8326b97b7d,888.00,CAD,2020-10-18,1
2c92a0ba7531188101753d8341cd1e4c,604.80,GBP,2020-10-18,1
2c92a0ba7531188101753d834d9d1fb4,591.00,NOK,2020-10-18,1
2c92a0ba7531188101753d8345781ee6,588.00,USD,2020-10-18,1
2c92a0ba7531188101753d8340a41e27,588.00,EUR,2020-10-18,1
2c92a0bb753123900175413a8aaa47d8,29938.20,NOK,2020-10-19,0
2c92a0b97531239d017542a97c510792,8020.80,GBP,2020-10-19,1
2c92a0ff753128b201753f028f52748d,7967.70,USD,2020-10-19,1
2c92a0b97531239d01753eae4ad03894,3074.50,EUR,2020-10-19,1
2c92a0ac753123a8017542a996bc01f2,2508.00,GBP,2020-10-19,1
2c92a00f753128a6017542d602504404,2117.73,NOK,2020-10-19,1
2c92a0a77531189f017542a9a0b54054,1800.00,CAD,2020-10-19,1
2c92a0087531289601753f6dcf18096c,1632.00,NOK,2020-10-19,1
2c92a0ad75311866017540e08fc464ec,1604.46,EUR,2020-10-19,1
2c92a0ac753123a8017542a98e5d008f,1577.00,NOK,2020-10-19,1
2c92a0ac753123a8017542a989457fbc,1378.08,EUR,2020-10-19,1
2c92a00d753128a2017540000bf81202,1188.00,EUR,2020-10-19,1
2c92a0ac753123a80175412b38434c53,1188.00,USD,2020-10-19,1
2c92a0087531289301753ed6d23f145d,1188.00,USD,2020-10-19,1
2c92a0b97531239d017542a97c3a0790,1179.60,GBP,2020-10-19,1
2c92a0bb75312390017540e106ef74f3,1147.80,GBP,2020-10-19,1
2c92a0ac753123a8017542a98fed00c9,828.99,SEK,2020-10-19,1
2c92a0b97531239d017542a9797d0747,820.80,EUR,2020-10-19,0
2c92a0ac753123a8017542a99a3a028f,654.95,NOK,2020-10-19,1
2c92a0a77531189f017542a9a58840ec,588.00,USD,2020-10-19,1
2c92a0b97531239d017542a979f1075b,492.66,USD,2020-10-19,0
2c92a0ac753123a8017542a98d050062,435.00,EUR,2020-10-19,1
2c92a0bb75312390017542a995f038a6,430.00,AUD,2020-10-19,1
2c92a0bb75448b6e017547cfd52b2978,17116.20,RUB,2020-10-20,1
2c92a0bb75448b6e017547cfca23280f,5626.80,RUB,2020-10-20,1
2c92a09a75448b3a017547cfee3655a7,4700.00,USD,2020-10-20,1
2c92a09875448b360175463519ae42d0,4026.00,USD,2020-10-20,1
2c92a09a75448b3a017547cfed695543,3822.00,EUR,2020-10-20,1
2c92a0bb75448b6e017547cfdcae2b2f,2688.00,NOK,2020-10-20,1
2c92a0ba75448b6b017547cfd5e51a3f,2191.00,USD,2020-10-20,1
2c92a01175312897017545e3bd0d33a0,2133.00,NOK,2020-10-20,1
2c92a0bb75448b6e017547cfdb1e2ad0,1293.73,EUR,2020-10-20,1
2c92a0ad75448b3a017547cffdf91cf0,1235.52,USD,2020-10-20,1
2c92a0ad75448b3a017547cff9411c20,1188.00,USD,2020-10-20,1
2c92a0aa75448b3d017544f420993537,1176.00,EUR,2020-10-20,1
2c92a0ba75448b6b017547cfd81c1aac,944.88,AUD,2020-10-20,1
2c92a0ba75448b6b017547cfd9fd1afd,936.00,AUD,2020-10-20,1
2c92a0bb75448b6e017547cfd8142a04,819.00,NOK,2020-10-20,1
2c92a09a75448b3a017547cfec7554f8,738.72,GBP,2020-10-20,0
2c92a0bb75448b6e017547cfcc3f2841,711.48,EUR,2020-10-20,1
2c92a0bb75448b6e017547cfd5d62994,705.60,EUR,2020-10-20,1
2c92a0bb75448b6e017547cfcb70282d,686.61,EUR,2020-10-20,1
2c92a0ad75448b3a017547cfff071d12,588.00,USD,2020-10-20,1
2c92a0ad75448b3a017547d0052f1ded,588.00,USD,2020-10-20,1
2c92a0bb75448b6e017547cfd5882988,588.00,USD,2020-10-20,1
2c92a0107531188e0175466fa2ea255b,572.50,USD,2020-10-20,1
2c92a0bb75448b6e017547cfd25e2933,488.50,USD,2020-10-20,1
2c92a00f753128a6017544ec3911365d,476.00,EUR,2020-10-20,1
2c92a007754539fd017547af96455e10,470.00,USD,2020-10-20,1
2c92a0fc753118520175464218c721f8,470.00,USD,2020-10-20,1
2c92a00e7531185b01754609e24e42a6,464.00,EUR,2020-10-20,1
2c92a0bb75448b6e017547cfd2c72943,445.00,USD,2020-10-20,1
2c92a0b9754aed3901754cf64b24543d,8817.30,USD,2020-10-21,1
2c92a098754ae43c01754cf6444e71f0,8282.00,SEK,2020-10-21,1
2c92a098754ae43c01754cf640a47158,1944.00,EUR,2020-10-21,1
2c92a099754aed3c01754cf65621476f,1776.00,USD,2020-10-21,1
2c92a098754ae43c01754cf6404a714b,1632.00,NOK,2020-10-21,1
2c92a0ae754aed4b01754cf64d880c1e,1247.00,USD,2020-10-21,1
2c92a0ff7549dc3f01754ab5f81e7d08,1188.00,USD,2020-10-21,1
2c92a00e754ae42a01754b31a4516480,845.03,CAD,2020-10-21,1
2c92a098754ae43c01754cf637647052,757.74,EUR,2020-10-21,1
2c92a0ae754aed4b01754cf64d9e0c20,756.00,USD,2020-10-21,1
2c92a099754aed3c01754cf656b44781,640.00,EUR,2020-10-21,1
2c92a098754ae43c01754cf6438771be,626.39,EUR,2020-10-21,1
2c92a008754af21d01754c30d5ff1d7f,617.40,USD,2020-10-21,1
2c92a0ae754aed4b01754cf64da60c22,609.00,USD,2020-10-21,1
2c92a098754ae43c01754cf63a0970ab,608.00,NOK,2020-10-21,1
2c92a0ae754aed4b01754cf63fd90a7a,588.00,USD,2020-10-21,1
2c92a098754ae43c01754cf6279c6e8a,588.00,EUR,2020-10-21,1
2c92a098754ae43c01754cf6314d6f9b,588.00,USD,2020-10-21,1
2c92a0ac754aed4c01754c52eca1062b,588.00,USD,2020-10-21,1
2c92a099754aed3c01754cf658ef4795,588.00,USD,2020-10-21,1
2c92a0ff754af24b01754b9404770fdb,552.24,USD,2020-10-21,1
2c92a098754ae43c01754cf63597701b,495.60,EUR,2020-10-21,1
2c92a0ad754ae43801754d61c0661912,470.00,USD,2020-10-21,0
2c92a098754ae43c01754cf638817073,445.20,USD,2020-10-21,1
2c92a0ad754ae4380175521cd8a53508,15581.40,RUB,2020-10-22,1
2c92a0ad754ae4380175521cce633254,5349.60,RUB,2020-10-22,1
2c92a0ad754ae4380175521cd6353446,5256.01,USD,2020-10-22,1
2c92a0ad754ae4380175521ccc1531a8,4653.00,NOK,2020-10-22,1
2c92a00d754af24901755069848c7747,3486.00,EUR,2020-10-22,1
2c92a0ab754ae43f0175521c9fca303c,2815.71,USD,2020-10-22,1
2c92a0ad754ae4380175521cbcc82edc,2420.40,EUR,2020-10-22,1
2c92a0ab754ae43f0175521c9e683010,1896.00,AUD,2020-10-22,1
2c92a00e754ae42a01754de6c51632f7,1761.72,USD,2020-10-22,1
2c92a0fe754ae43a01754fb1617e6add,1188.00,USD,2020-10-22,1
2c92a0ad754ae4380175521cccca31e2,948.00,NOK,2020-10-22,1
2c92a0ab754ae43f0175521cb6593366,824.40,CAD,2020-10-22,1
2c92a00c754ae44f01754f609e6448fa,819.00,NOK,2020-10-22,1
2c92a0ad754ae4380175521cb69c2d5b,819.00,NOK,2020-10-22,1
2c92a0ab754ae43f0175521cb92d33b5,588.00,USD,2020-10-22,1
2c92a00f754af247017550606ee92516,588.00,EUR,2020-10-22,1
2c92a0ad754ae4380175521cd2923335,588.00,USD,2020-10-22,1
2c92a0fd754af22201754de8753e33d9,582.08,USD,2020-10-22,1
2c92a00e754ae42a01754f0a3e0a1a9c,519.60,RUB,2020-10-22,1
2c92a0ad754ae4380175521cdad135b7,511.84,EUR,2020-10-22,1
2c92a0fe754ae44101755033deda1952,470.00,USD,2020-10-22,1
2c92a0ad754ae4380175521cc97a311d,427.50,SEK,2020-10-22,1
2c92a011754af235017552fb5a8d5934,12666.19,RUB,2020-10-23,1
2c92a0ac754aed4c01755552f5a42368,5175.00,GBP,2020-10-23,1
2c92a0ab754ae43f017555b3908e3f46,4780.14,NOK,2020-10-23,1
2c92a00c754ae45a017555f058eb629c,1188.00,EUR,2020-10-23,1
2c92a0117531289601753ee2c70c6a1e,1188.00,USD,2020-12-01,1
2c92a0fc751b549c017520b4220d3fc5,708.00,USD,2021-01-13,1
2c92a0ab7308109101730fdeaf752a32,5291.60,EUR,2021-07-02,1
2c92a00e74cf3c360174d9009578372e,1944.00,EUR,2021-09-30,1
